<?xml version="1.0" encoding="UTF-8"?>
<!DOCTYPE mapper
  PUBLIC "-//mybatis.org//DTD Mapper 3.0//EN"
  "http://mybatis.org/dtd/mybatis-3-mapper.dtd">

<mapper namespace="org.sungsoo.mapper.BoardMapper">

	<resultMap type="org.sungsoo.domain.BoardVO" id="boardMap">
		<result property="bno" column="bno" />
		<result property="title" column="title" />
		<result property="content" column="content" />
		<result property="writer" column="writer" />
		<result property="regdate" column="regdate" />
		<result property="viewcnt" column="viewcnt" />
	</resultMap>

	<select id="selectList" resultMap="boardMap">
		select bno,title,viewcnt,writer,regdate from tbl_board where bno>0 order by
		bno desc,regdate desc
	</select>
	
	<insert id="insertList">
		insert into tbl_board(title,content,writer)
		values(#{title},#{content},#{writer})
	</insert>
	
	<delete id="delete">
		delete from tbl_board where bno=#{bno}
	</delete>
	<select id="selectRead" resultMap="boardMap">
		select bno,title,viewcnt,writer,regdate,content from tbl_board where bno=#{bno}
	</select>
	
	<update id="update">
		update tbl_board set title = #{title}, content=#{content} where bno=#{bno}
	</update>
	<select id="listpage" resultMap="boardMap">
		select bno,title,viewcnt,writer,regdate from tbl_board where bno>0 order by
		bno desc,regdate desc limit #{page},10
	</select>
	<select id ="listCriteria" resultMap="boardMap">
	select bno,title,content,writer,regdate,viewcnt from tbl_board where bno>0 order by bno desc, regdate desc limit #{pageStart},#{perPageNum}
	</select>
	
	<select id="countPaging" resultType="int">
	select count(bno) from tbl_board where bno>0
	</select>
</mapper>