<?xml version="1.0" encoding="UTF-8"?>
<!DOCTYPE mapper
  PUBLIC "-//mybatis.org//DTD Mapper 3.0//EN"
  "http://mybatis.org/dtd/mybatis-3-mapper.dtd">
  
<mapper namespace="org.sungsoo.mapper.BoardMapper">

<resultMap type="org.sungsoo.domain.BoardVO" id="boardMap">
	<result property="bno" column="bno"/>
	<result property="title" column="title"/>
	<result property="content" column="content"/>
	<result property="writer" column="writer"/>
	<result property="regdate" column="regdate"/>
	<result property="viewcnt" column="viewcnt"/>
	</resultMap>
	
<select id="selectList" resultMap="boardMap">
	select bno,title,viewcnt,writer,regdate from tbl_board;
</select>
<insert id="insertList">
	insert into tbl_board(title,content,writer) values(#{title},#{content},#{writer})
	</insert>
	
</mapper>