<?xml version="1.0" encoding="UTF-8"?>
<!DOCTYPE mapper
  PUBLIC "-//mybatis.org//DTD Mapper 3.0//EN"
  "http://mybatis.org/dtd/mybatis-3-mapper.dtd">
  
<mapper namespace="bit.student.mapper.BoardMapper">

<resultMap type="bit.student.domain.BoardVO" id="boardMap">
	<result property="bno" column="bno"/>
	<result property="title" column="title"/>
	<result property="content" column="content"/>
	<result property="writer" column="writer"/>
	<result property="regdate" column="regdate"/>
	<result property="updatedate" column="updatedate"/>
	<result property="viewCount" column="viewCount"/>
	<result property="replyCnt" column="replycnt"/>
	<result property="status" column="status"/>
</resultMap>
<sql id="search">
	<where>
	<foreach item="type" collection="typeArr">
		<trim prefix="OR" prefixOverrides="OR">
			<choose>
				<when test="type == 'T'.toString()">
					title LIKE CONCAT('%',#{keyword},'%')
				</when>
				<when test="type == 'C'.toString()">
					content LIKE CONCAT('%',#{keyword},'%')
				</when>
				<when test="type == 'W'.toString()">
					writer LIKE CONCAT('%',#{keyword},'%')
				</when>
			</choose>
		</trim>
	</foreach>
	</where>
</sql>


<select id="selectList" resultMap="boardMap"> <!-- 게시물 리스트  -->
   select bno, title,writer, regdate, (select count(rno) from tbl_reply r where r.bno = tbl_board.bno) replycnt ,viewCount,status from tbl_board
   
   <include refid="search"></include>
   
   ORDER BY bno desc
   LIMIT #{skip}, #{amount}
</select>
<select id="listCount" resultType="int"> <!-- 게시물의 수  -->
   SELECT count(*)
   FROM tbl_board
   <include refid="search"></include>
</select>

<select id="selectRead" resultMap="boardMap">
	SELECT bno,title,content,writer,regdate from tbl_board where bno=#{bno}
</select>
<update id="updateAlter" >
	update tbl_board set title =#{title},content=#{content} where bno=#{bno}
</update>

<update id="delete">
	update tbl_board set status=0 ,title="삭제된 게시물 입니다." where bno=#{bno}
</update>
<update id="viewCnt">
	update tbl_board set viewCount=viewCount+1 where bno=#{bno}
</update>


<insert id="insertBoard"> <!-- 게시물 등록  -->
   INSERT into tbl_board(title, content, writer)
   VALUES (#{title}, #{content}, #{writer})
</insert>

</mapper>
