<?xml version="1.0" encoding="UTF-8"?>
<!DOCTYPE mapper
  PUBLIC "-//mybatis.org//DTD Mapper 3.0//EN"
  "http://mybatis.org/dtd/mybatis-3-mapper.dtd">

<mapper namespace="bit.student.mapper.ReplyMapper">


	<resultMap type="bit.student.domain.ReplyVO" id="ReplyMap">
		<result property="rno" column="rno" />
		<result property="writer" column="writer" />
		<result property="content" column="content" />
		<result property="regdate" column="regdate" />

	</resultMap>


	<select id="replyList" resultMap="ReplyMap"> <!-- 게시물 리스트 -->
		select r.rno,r.writer,r.content,r.regdate from tbl_reply r where
		r.bno=#{bno}
	</select>

	<insert id="insertReply">
		INSERT into tbl_reply(bno,writer, content)
		VALUES (#{bno},#{writer},#{content})
	</insert>
	<delete id="delete">
		delete from tbl_reply where rno=#{rno}
	</delete>
</mapper>